kind	run
run	fbdrp_firstlast
batch	smoke
batch_dir	sims/smoke
batch_config_hash	6e5c35bc07ff
config_hash	f98a1e790b3d
infer_script_hash	32947aee7ad9
simfbd_commit	7975394
rb_path	/research/phyloworks/rb-sim/projects/cmake/build/rb
rb_md5	d43edeeb8510
created	2026-07-31T16:04:29-05:00
specimens	specimens_firstlast
MODEL	fbdr
REPORTING	firstlast
INFER	incomplete
COND	time
RHO	1.0
GENS	200000
PRINTGEN	1000
NINTERVALS	3
INTERVAL_WIDTH	3
LMEAN	-2.0
LSD	0.5
MMEAN	-2.0
MSD	0.5
PMEAN	-0.125
PSD	0.5
AGE_MIN	9
AGE_MAX	15
BIN_WIDTH	3
BIN_MAX	30
NREPS	6
LAMBDA_A	0
ORIGIN_SAMPLED	false
